0.9126182794570923,0.6170626282691956,20.284749084257996,16.239976114915887
0.41260194778442383,0.3829472064971924,20.28474895369488,14.733520412640924
0.5873814821243286,0.11706122010946274,20.284749091771697,14.901479499449865
0.08740486204624176,0.8829466700553894,20.284748801905074,16.213428867093228
-0.08738067001104355,0.6170719861984253,20.284748991580365,15.491983837986234
0.4126114249229431,0.38294562697410583,20.284749079417914,14.077857145947995
0.4126124680042267,0.8829447627067566,20.284749087120357,16.316271474531682
0.9126180410385132,0.617055356502533,20.284749105356,17.546092431058533
0.41261810064315796,0.3829444646835327,20.284749105370768,15.85270556026846
0.4126182198524475,0.3829444646835327,20.284749105363407,19.62308202049241
0.5873548984527588,0.6170579195022583,20.284748686315922,14.630708187998142
0.08738216757774353,0.38294467329978943,20.284749105312113,14.366249042094662
0.08738009631633759,0.8829177618026733,20.284748805863494,13.490259700783866
0.9126171469688416,0.6170313358306885,20.284748860003567,17.00977117937643
0.4126172959804535,0.3829536437988281,20.284749069929763,10.720917197394506
0.4126182496547699,0.3829444348812103,20.284749105358678,15.288267197889446
0.5873801708221436,0.6170557141304016,20.284749103661728,10.066306713537088
1.0873730182647705,0.38294389843940735,20.28474906013372,11.055563716567526
0.412619948387146,0.3829153776168823,20.284748750139283,11.196908347896823
0.5873801708221436,0.11709435284137726,20.2847484735496,16.523125499486316
0.41105884313583374,-0.12053529918193817,20.502635882032845,10.635986267943741
0.5889413356781006,0.12048818171024323,20.50263442456693,19.312443890385527
0.9110723733901978,0.6206222772598267,20.50263359867167,16.059733356787707
0.4110788404941559,0.8797888159751892,20.502588012157364,17.397641335800436
0.41105884313583374,-0.12050286680459976,20.502635078091163,12.430207264296012
0.5889407992362976,0.6205460429191589,20.502635954362695,13.541228022956702
0.08894141018390656,0.8795135021209717,20.502634338087553,17.69997417501928
0.9110586643218994,0.12048977613449097,20.502634504251247,15.868864359700197
-0.08893035352230072,0.1205793246626854,20.502635503661644,11.378320070951421
0.4110587239265442,0.3794941008090973,20.502635190534143,11.174036158034296
0.08894066512584686,0.3794437050819397,20.50263593327659,10.105875149980623
0.411060631275177,0.37945225834846497,20.502635955801225,17.09192645114021
0.5889286994934082,0.6205487847328186,20.502635871167435,12.873774342351112
0.4110482633113861,0.3794471025466919,20.502635878068475,15.843958617569108
0.41104191541671753,0.37945032119750977,20.502635778631827,13.313484707829268
0.9110593199729919,0.6205545663833618,20.502635942995553,15.819881606099774
0.9110591411590576,0.12053950875997543,20.502635921914575,17.622130630144024
0.08894079178571701,0.3794539272785187,20.502635954429067,14.177533025990886
0.08893077075481415,0.3794512450695038,20.502635898239735,16.171835521439785
0.41102755069732666,0.3794516921043396,20.502635361489283,16.943341819405585
0.41240745782852173,0.8782783150672913,17.156138997376928,14.93068596958624
0.9059834480285645,0.622492253780365,18.066396697049043,9.742155083312696
-0.09401532262563705,0.1224249079823494,18.0663984207442,9.057546595268528
0.09401550143957138,0.377572238445282,18.066398416268427,11.584120490289692
0.5880880951881409,0.6217383742332458,17.15624303317252,12.738248461286307
0.09401537477970123,0.8775701522827148,18.066398409151777,15.50498273829579
0.4119113087654114,0.37827908992767334,17.156243124951448,15.211109553063157
0.9059666991233826,0.6224278807640076,18.066398271228294,13.238640554722021
0.9059836864471436,0.6224575042724609,18.06639800832978,11.690830324735877
0.9059848189353943,0.12240397930145264,18.066398268174172,14.352757417734413
0.09401565045118332,0.8775757551193237,18.066398420892263,15.051787021302989
0.90598464012146,0.6224241852760315,18.066398420918414,16.210786539620056
0.0940161868929863,0.3775220215320587,18.066397344664875,10.999358936758334
0.90598464012146,0.6224241852760315,18.066398420918414,16.938001957282275
0.4119117259979248,0.37824320793151855,17.156242737184375,12.590716240530258
0.4119189381599426,0.3782777488231659,17.156243104330514,16.011308405805092
-0.09401421248912811,0.12242420017719269,18.066398420275277,12.298028191005384
0.90594881772995,0.12242541462182999,18.066397839412282,15.398989724309134
0.5880876183509827,0.1217207983136177,17.156243125111022,16.855434184578897
-0.09401427954435349,0.6224241852760315,18.066398420345607,12.27307394480875
0.09330388158559799,0.3813110589981079,17.860025564506113,13.388263257973911
0.9066954255104065,0.6187917590141296,17.86002574401123,12.386089312937449
0.411511093378067,0.8791784644126892,17.114862591136273,15.811769998840363
0.9066950082778931,0.1187840923666954,17.860026003025624,11.088356655158854
0.9067047834396362,0.11874080449342728,17.860026608321242,15.3889402645574
0.9066956639289856,0.6187424659729004,17.86002664365252,15.336886094453524
0.9066954255104065,0.6187942624092102,17.860025649880566,11.97448502249091
0.5884782075881958,1.1207813024520874,17.114862152006257,12.779138074925104
0.09328438341617584,0.38125747442245483,17.860026478740828,15.656663411038412
0.5884780883789062,0.6207796335220337,17.11486211099998,9.63240755317587
0.9066953659057617,0.11878636479377747,17.860025930915096,12.662411127286953
0.588478147983551,0.620781421661377,17.11486215486219,10.889988044608334
0.5884785056114197,1.1207993030548096,17.114862487509157,10.779350940133941
0.4115210771560669,0.8791751265525818,17.11486262855725,11.938494929003497
0.09330440312623978,0.381234735250473,17.860026453222957,11.746506370067603
0.09330616891384125,0.880942702293396,17.859989665099285,16.470100079815058
0.588478147983551,0.6207862496376038,17.114862263642436,14.1823640428702
0.41153162717819214,0.8791789412498474,17.114862587882648,15.642413526529449
0.09330438077449799,0.8812286853790283,17.86002633748844,15.626781485172994
0.4115219712257385,0.3792199492454529,17.11486212139163,11.815802567571582
0.9128684401512146,0.1161695271730423,20.864235941178393,19.878069297411834
0.08655691891908646,0.3838319480419159,20.864043852646304,17.308801144107196
0.5907001495361328,0.1277511566877365,19.15484424643444,13.737593065085546
0.08713983744382858,0.3838311731815338,20.864235901285582,18.918686994604908
0.4093368947505951,0.3722847104072571,19.15484403043852,16.959784692821472
0.9128681421279907,0.6161694526672363,20.864235941122253,14.150921589040182
-0.0871315747499466,0.6161690354347229,20.864235941077126,14.583313402868999
0.5906990766525269,0.12771736085414886,19.15484452882627,16.402065294807045
0.9128681421279907,0.1161782294511795,20.864235908285487,15.531969474007184
0.5906995534896851,0.62773597240448,19.154844441407864,15.145680994093066
0.4093017578125,-0.1276775747537613,19.154844156230496,13.431082232259108
0.9128683805465698,0.1161695122718811,20.864235941175696,19.088306713637905
0.912761390209198,0.11627855896949768,20.864223828653174,16.652672956374342
0.40929925441741943,0.3722829520702362,19.154844527722943,16.810939680174993
0.5907039046287537,0.6277309060096741,19.154844473346948,16.505977502013902
0.9128683805465698,0.11616979539394379,20.86423594114237,18.152118312665177
-0.08713150024414062,0.6161693334579468,20.864235941161745,11.43941784225267
0.0871315523982048,-0.1161695122718811,20.864235941178443,14.863291578320226
0.08714137226343155,0.3838232159614563,20.86423586039365,14.28970834211654
-0.08713115751743317,0.6161695718765259,20.864235941088307,14.08756006303147
1.0870795249938965,0.38391947746276855,20.858653070476944,12.845270277751982
0.41231226921081543,0.8807579278945923,18.83551631081227,12.871900548225172
0.08708257973194122,0.883973240852356,20.858651830400987,16.786295851911028
0.08708075433969498,0.38391703367233276,20.8586530687392,18.88092277450362
0.08708356320858002,0.3839183747768402,20.85865306685299,20.240062096833324
0.0870969295501709,0.8838927149772644,20.858652598727712,15.065856583257624
0.5877360701560974,0.6192472577095032,18.835517061362836,18.590510862873288
0.5877735614776611,0.11923716962337494,18.835516602797775,16.88865587681803
0.41225674748420715,0.8807606101036072,18.83551705923525,18.588984504531616
0.9128798246383667,1.1160749197006226,20.858652175805183,15.231783542972167
0.41226324439048767,0.38080066442489624,18.83551669941255,14.463357991098515
0.9129207730293274,0.1161109209060669,20.85865266876074,15.517026527240143
0.9128873944282532,0.11626848578453064,20.858637035753055,17.219069136564737
0.08707962930202484,0.8838751912117004,20.858652219990578,15.975342217663385
0.5877347588539124,0.11927346140146255,18.835516790966956,15.136930405013102
0.5877391695976257,0.6192454695701599,18.835517063595923,18.406334209849305
0.4122670590877533,0.8806962370872498,18.83551606471734,12.78058202587702
0.4123089015483856,0.3807581663131714,18.83551641468155,13.681534329656333
0.41224223375320435,-0.11916768550872803,18.835515714823213,15.353068522123486
0.41226404905319214,-0.11923600733280182,18.835517075948815,14.596067240073335
-0.0814049020409584,0.6203200221061707,23.980917504326023,13.793337882761358
0.594363272190094,0.6252678632736206,20.50383901012633,18.142424618733372
0.08144036680459976,0.3796554207801819,23.98091693019807,18.186767339084117
0.9185662269592285,0.6203188896179199,23.98091742476211,15.966490270790043
-0.0814175009727478,0.12032522261142731,23.9809176173841,18.1702040683321
0.9185785055160522,0.6203195452690125,23.980917619278113,19.21486452192745
0.08141712099313736,0.8796572089195251,23.980917386614173,20.21421956068298
0.40577223896980286,0.8747344017028809,20.503843617471887,19.264406158696527
0.08090121299028397,0.8796814680099487,23.980706939739882,18.650174967839554
0.08142560720443726,0.3796812891960144,23.980917580289393,19.793281787197692
0.918571949005127,0.12031981348991394,23.980917545036494,17.365954881029406
0.9185816049575806,0.6202878355979919,23.980917163621378,14.578016044026832
0.08141884952783585,-0.1203196719288826,23.980917630040672,18.026194814107907
1.0814179182052612,0.8797038793563843,23.980917375170044,16.51102398035062
0.5942233204841614,1.12526535987854,20.50384362211104,17.491788571868888
0.40669387578964233,0.874742865562439,20.503644855885174,19.272435214643373
0.5942233204841614,0.6252639889717102,20.503843621733214,18.093022369418488
0.405783474445343,0.3747235834598541,20.50384359257972,19.45864958585375
0.08142625540494919,0.3796839714050293,23.980917566305223,19.890277591649053
0.08143847435712814,0.8796806931495667,23.980917287576126,18.922879058531883
0.918607234954834,0.6182283163070679,23.838425345418532,22.431534147881504
0.918662428855896,0.11819741874933243,23.838427173718728,18.791285858672204
0.08133697509765625,0.3817712664604187,23.838427672522617,17.850243915613255
0.4058491885662079,0.8829238414764404,20.30799096539688,19.384914505337605
0.9186620712280273,0.6181642413139343,23.838425659848927,21.441362964733397
0.0813455730676651,0.381759375333786,23.838427568374755,18.029255617352703
0.08133894205093384,0.8817294239997864,23.83842692477794,19.849680399224827
0.9186624884605408,0.6181952953338623,23.838427107224113,16.50682968054019
0.9186624884605408,0.6182303428649902,23.8384276735239,18.468916396223918
0.918662965297699,0.6182286739349365,23.838427672428857,18.479261778948164
0.08133698254823685,0.8817582726478577,23.838427614300805,19.631897352004763
0.9188352227210999,0.6180754899978638,23.838394003179666,21.105835457945393
0.08133698254823685,0.38177016377449036,23.838427673621815,17.911587412487492
0.5941508412361145,1.1170910596847534,20.307991014071515,17.53995336099647
0.08134893327951431,-0.11822929233312607,23.838427566220652,15.931422621829764
0.5940802097320557,0.6170939207077026,20.307990076045364,17.297309637773647
0.08134044706821442,0.8815343976020813,23.838402161317866,20.930404135253845
0.4058491885662079,0.8828911185264587,20.307990979869313,17.753608312902593
0.918662965297699,0.6182286739349365,23.838427672428857,17.76272129451375
0.08136873692274094,0.38177093863487244,23.838426918619746,16.856448779576233
0.9150325059890747,0.619931161403656,22.221382194439308,16.559314790197327
0.9149816036224365,0.11993025988340378,22.221381718712138,16.996036145569015
0.9150092601776123,0.11993097513914108,22.221382417845287,17.217462752651592
0.9150137901306152,0.6199281215667725,22.22138242861815,14.867511127709143
0.9150015115737915,1.1199307441711426,22.221382327687618,16.65462304587981
0.08501183241605759,0.8800692558288574,22.221381979585022,17.330331995370678
0.08499615639448166,0.8800691366195679,22.221382363485652,18.126944695945607
0.9150137901306152,0.1199311912059784,22.22138243241697,18.65600408305698
0.08498608320951462,0.3800659775733948,22.221382428571843,16.97664026495554
0.08498615026473999,0.38006889820098877,22.221382432427987,17.91001697218824
0.08498616516590118,-0.11993104964494705,22.22138243242798,16.930350855941246
0.9149811267852783,1.1199277639389038,22.221381693724755,15.481067315503477
0.0842839777469635,0.8800672292709351,22.221043557978586,16.801517153358354
0.08452221006155014,0.8800693154335022,22.22123463438271,19.328910727536332
0.08500002324581146,0.38005006313323975,22.22138214077602,17.217248331963415
0.08509227633476257,0.37926772236824036,22.221091278701223,17.179337145402712
0.0849933996796608,0.8800690770149231,22.221382396177244,15.446946698989086
0.914990246295929,0.6199308633804321,22.22138204986045,17.509958308517067
0.08498774468898773,0.8801499605178833,22.221379541461783,20.5875780460615
0.9150131940841675,0.6199601888656616,22.221382058413585,16.91174416417742
0.08498993515968323,0.8824730515480042,22.06849505235256,17.102378441119086
0.9149978756904602,0.1175733134150505,22.068495914950287,20.723693061177347
0.9149936437606812,0.11756536364555359,22.068495809794147,17.297950518062404
0.0850033238530159,0.8824268579483032,22.068495895397042,17.32262811010744
0.9150076508522034,0.11757352203130722,22.06849600542317,21.560541270901638
0.9149956107139587,0.1175733208656311,22.068495876523713,16.91655617161844
0.9150093197822571,1.1175297498703003,22.068495164026086,11.045858041292497
0.08503183722496033,0.8824270963668823,22.06849488860485,16.066843946270897
0.0849902555346489,0.8824196457862854,22.068495988163686,16.491952198805333
0.08501561731100082,0.3824268579483032,22.06849558900857,16.786833142673213
0.9147946238517761,0.11756816506385803,22.06846632309433,18.26573569503103
0.9150075316429138,0.6175734996795654,22.068496005057668,17.747789749668957
0.08498960733413696,0.3823889195919037,22.06849538583628,18.817222511355734
0.08501024544239044,0.38242679834365845,22.06849574670855,16.901841316161
0.08499012142419815,0.38242653012275696,22.06849600891617,17.177666640656735
0.9149775505065918,0.6175729632377625,22.068495335036758,16.63884259269851
0.08506140857934952,0.38218995928764343,22.06846789743696,17.14010732205761
0.08499176055192947,0.38242655992507935,22.06849600696379,17.85256233769903
0.08528099954128265,0.8824254870414734,22.068441832853825,17.807461245685005
0.08501626551151276,0.3824270963668823,22.068495567438077,16.89119039485819
0.9226755499839783,0.618016242980957,26.78067602358601,21.2379899681903
0.07732454687356949,0.8819947242736816,26.780676084018822,21.185187009870766
0.9226756691932678,0.1180068701505661,26.7806760827461,18.996294250313127
0.6280785799026489,0.616561233997345,21.219483732798693,20.849362170037946
0.7177867293357849,0.8789040446281433,21.147831814168928,20.968017358287025
0.9226756691932678,0.618005633354187,26.780676083980705,21.82463184940408
0.538066029548645,0.88088059425354,21.148564065624996,20.763028336534628
0.9226727485656738,0.6180049777030945,26.78067607646084,19.5321724968086
0.07732739299535751,0.8819775581359863,26.78067592628931,22.65872486319827
0.9226754307746887,0.6180052161216736,26.780676084010484,21.562397933474163
0.07732453942298889,0.8819947838783264,26.780676084021273,20.88947086280629
0.28221258521080017,0.6210985779762268,21.14783181420695,21.061002687992236
0.28223946690559387,0.12110289931297302,21.147831721540914,21.069395907679926
0.07732454687356949,-0.11800521612167358,26.780676084018726,17.246658983841655
0.628075361251831,0.1164846420288086,21.219483598519208,21.1602307292322
1.0773241519927979,0.8819931149482727,26.78067608269481,18.16143858838716
0.2822139263153076,0.12109743058681488,21.147831814170065,21.01267985312263
0.07668566703796387,0.38199394941329956,26.780307037094083,21.525458312437287
0.3719271719455719,0.3835178315639496,21.21948357397123,21.030164198510167
0.7179537415504456,0.8789408206939697,21.147828051377502,21.05550427393841
0.4559093415737152,0.1352822333574295,21.179854642419492,21.038973241150536
0.07775969058275223,0.38339799642562866,26.679933259533694,21.124278500001648
0.07747352123260498,0.8833984136581421,26.6798635707245,21.698616156824947
0.28205838799476624,0.620930016040802,21.146956691770757,20.9875328072052
0.5440865159034729,0.3646620213985443,21.179854476482344,20.985590262639914
0.717953622341156,0.879065215587616,21.146956639468137,20.234045122352665
0.7179254293441772,0.37965038418769836,21.146956455128414,19.46553707544782
1.0777571201324463,0.38339799642562866,26.679933256017286,14.876579026153149
0.07770301401615143,0.8834947347640991,26.679925778889626,21.28090711393973
0.07775669544935226,0.8843203783035278,26.679506816253696,22.109202731586674
0.0777602419257164,0.3833981454372406,26.679933258824605,23.80085844804765
0.3774830102920532,0.358255535364151,21.298062202711236,21.174700527980708
0.5440590977668762,0.864996612071991,21.179854388196194,21.01604657821858
0.37747901678085327,0.35822752118110657,21.29806233528242,21.00620543786652
0.9222400784492493,0.11660557240247726,26.679933252562915,21.388299046415263
0.07775937765836716,-0.11659640818834305,26.679933244505214,18.09923924959237
0.28126534819602966,0.12064168602228165,21.146873037698672,20.9817811356773
0.7179270386695862,0.8796543478965759,21.14695642694288,20.807597189757278
0.45593398809432983,0.13504661619663239,21.179854556965076,20.996983731628852
0.9222394824028015,0.11660187691450119,26.679933258274858,21.010492211580992
0.08356629312038422,0.379194051027298,23.457681021924003,21.146342873951816
-0.08356588333845139,0.620794951915741,23.457681076172136,15.324628930980818
0.5772110223770142,0.8703576326370239,19.89299075196628,19.63463213040255
0.4227742850780487,0.12967801094055176,19.89299085278062,17.849817634939267
0.08356805145740509,0.37920430302619934,23.457681073630447,18.441308171036027
0.9164304733276367,0.12079501152038574,23.457681068212537,18.035812550042095
0.9164333343505859,0.6207982301712036,23.45768107145667,16.641642259977996
0.42278853058815,0.1296776384115219,19.89299092750659,18.04422873712287
0.5772113800048828,0.8703223466873169,19.892990927505245,18.78964228909094
0.9164336919784546,0.6207954287528992,23.457681076195165,17.085674977861938
0.4227885603904724,0.1297336369752884,19.892990484725146,18.03816808031598
0.08357902616262436,0.3792048990726471,23.457680953802416,18.02639913871829
0.9165521264076233,0.1207989975810051,23.457670551113768,19.894564471198308
-0.08356623351573944,0.12079039961099625,23.457681066566064,14.778700249453424
0.08353933691978455,0.3792050778865814,23.45768053293088,19.02210879021434
0.08356627076864243,0.37923452258110046,23.457680679233995,18.0849773232714
0.9163872003555298,0.6207953095436096,23.457679450961514,18.501367083395472
0.9163799285888672,0.6207953095436096,23.457678903585723,17.39203340550626
0.08356257528066635,0.37920501828193665,23.457681066152258,22.53910449847802
-0.08354094624519348,0.12079491466283798,23.457680595975084,15.441878365609652
0.08240564167499542,-0.11783239245414734,23.25716681678587,14.557685584571715
0.9175894260406494,0.11784134060144424,23.25716678784762,17.810329824889774
0.5777270793914795,0.8719310760498047,19.854488852881627,18.473223719752273
0.08240443468093872,0.38210612535476685,23.25716527690686,18.084799047163333
0.917595386505127,0.6178399324417114,23.257166812895512,22.663689637387996
0.42227256298065186,0.6280803084373474,19.854488804525364,18.035944537607897
0.4222731590270996,0.6280525922775269,19.85448885844523,18.45043816631242
0.5777267217636108,-0.12804830074310303,19.854488847433846,17.355530307164376
0.9175941348075867,0.6178168654441833,23.257166660496754,15.75155124128881
0.42226123809814453,0.6280578374862671,19.85448881654496,17.65622982154055
0.08240549266338348,0.8821668028831482,23.257166818897765,16.873214910704846
0.5777267217636108,0.8719464540481567,19.854488860181554,17.82648629909215
0.42227309942245483,0.12805955111980438,19.854488865265782,19.750297279024835
0.08240653574466705,0.38222870230674744,23.257164932523374,16.218040874517794
0.9175938367843628,0.6178054809570312,23.25716640619033,13.62385808909269
0.9175922274589539,0.11783552169799805,23.257166817967317,17.095076288741414
0.9175940155982971,1.117817759513855,23.257166675432913,17.479414847978706
0.5776591300964355,0.3719463050365448,19.854487281814592,18.51852350338392
0.08240549266338348,0.8821649551391602,23.25716682150475,20.40937156183446
0.4222559928894043,0.6280604004859924,19.85448876507285,17.761171121373383
0.42158541083335876,0.6163733601570129,20.46024097751505,15.847761435112442
0.9192919135093689,0.6146821975708008,22.91554557349705,22.760320285951718
0.08070940524339676,0.8853216767311096,22.915545560574525,18.230401731291707
0.08069731295108795,0.3853228986263275,22.91554565357199,17.577724112895105
0.42154932022094727,0.6163731813430786,20.460241430033584,20.399793373396044
0.4215501844882965,0.616299569606781,20.460240301293492,18.075558353040226
0.5784326195716858,0.8834967017173767,20.460237575471794,17.344129232828415
0.08073791116476059,0.3853226900100708,22.91554459912547,17.968906473082555
0.578450083732605,0.3836284279823303,20.460241430737337,16.983773708818614
0.9193016290664673,1.1146411895751953,22.915545028268465,17.49213374158297
0.9192931056022644,0.11467825621366501,22.9155455954784,17.752205130029004
0.5784382224082947,0.8835551738739014,20.4602402240172,17.978647202029943
0.9192706346511841,0.6146774888038635,22.915544996319326,20.753845857873348
0.08069749921560287,0.8853323459625244,22.915545600502064,19.217224587381896
0.5784505605697632,0.38364583253860474,20.46024136483878,17.225512289131395
0.42155033349990845,0.6163907051086426,20.460241351008918,17.276545603520184
0.9192708730697632,0.11467777192592621,22.9155450061187,17.28215837498793
0.9192928075790405,1.114678144454956,22.91554559173424,16.75633039003009
0.42155006527900696,0.6164087057113647,20.46024113036998,17.587434133786793
0.9193034172058105,0.6147142052650452,22.91554509240707,17.919568421765096
0.9185581803321838,0.11726439744234085,23.079868335123706,16.378588328564256
0.42063120007514954,0.11844903975725174,20.52628425883736,17.48795366747701
0.4206312596797943,0.6184485554695129,20.526284258787452,20.229261722528186
0.08144830167293549,0.38273292779922485,23.079868305835923,18.551377250142824
0.08100839704275131,0.3827855587005615,23.079740868263872,19.676018968139818
0.42063120007514954,0.11844903230667114,20.52628425883735,17.35699843581139
0.9185406565666199,0.1172655001282692,23.079868127501243,18.158072342547065
0.0814417228102684,0.38273584842681885,23.079868334821768,16.97365966785453
0.4206312596797943,0.6184484958648682,20.526284258774126,19.53292091705194
0.4206312596797943,0.6184501051902771,20.52628425859179,17.928935886780362
0.9185202717781067,0.11726522445678711,23.079867367324518,20.814759855320528
0.4206312596797943,0.11844872683286667,20.52628425881715,19.003405903807497
0.9185121655464172,0.11726517975330353,23.07986691032192,16.227191561990644
0.42063120007514954,0.11844737082719803,20.526284258232394,20.125253077445247
1.0814409255981445,0.3826826214790344,23.079867148943325,15.103758971296068
0.42065510153770447,0.11851976066827774,20.52628296951093,18.55688569369796
-0.08143451809883118,0.11726576089859009,23.079868301196417,17.535235385493905
0.5793710947036743,0.8815282583236694,20.526284144527622,16.661546903250105
0.9185521602630615,0.6172806024551392,23.079868211209494,20.184914902866222
0.9185580015182495,0.11724837869405746,23.079868202757165,19.988873004135545
0.0871051773428917,0.3849143087863922,21.812862004234322,18.47006779254453
0.9128804206848145,0.6150888204574585,21.812861835302947,16.16506408830648
1.087097406387329,0.884914219379425,21.81286200880513,16.037399355073784
0.08710086345672607,0.8849152326583862,21.812862011870767,15.966527655289761
0.08710075914859772,0.3849031627178192,21.81286198676642,19.877543510096082
0.42235150933265686,0.11316187679767609,20.315307406461265,14.549659343462475
0.5776427984237671,0.8868492245674133,20.315307386853064,17.295887308913816
0.08710074424743652,0.3849131762981415,21.812862016536453,16.084752555754136
0.08710075914859772,0.38491252064704895,21.81286201725008,16.999604376321418
0.08710361272096634,0.8848733305931091,21.812861382292166,17.267608299110215
0.9128859639167786,0.6150893568992615,21.81286192719869,14.810757854142597
0.5776435732841492,0.8868356347084045,20.315307418478685,16.548672549567545
0.5776660442352295,0.38683855533599854,20.315307171026003,16.44780636607598
0.5777279138565063,0.3868385851383209,20.315304060250718,17.23654254488787
0.08710523694753647,0.3848618268966675,21.81286094096277,14.955900552945732
0.4223571717739105,0.1131591722369194,20.31530741995636,19.742728117718002
0.08709701150655746,0.38495874404907227,21.812861051824434,20.543535407707516
0.5777000784873962,0.3868372142314911,20.315305898842194,17.749587251051445
0.5776429176330566,0.8868385553359985,20.315307421459792,17.424452244089178
0.9129012227058411,0.6150377988815308,21.812860907824124,12.985464517805221
0.42297646403312683,0.11989321559667587,20.61000635756274,17.316251610672808
0.4229736626148224,0.11992397904396057,20.610006234189033,16.61943193281681
0.08435839414596558,0.8825032114982605,21.965744423062375,17.11831198764527
0.08435796946287155,0.3824741840362549,21.965744734983218,16.24126663972984
0.9156389832496643,0.11752364039421082,21.965744731484783,16.997824173415108
0.42298659682273865,0.6199025511741638,20.610006326213032,13.29836436715131
0.5770232081413269,0.8800809979438782,20.610006297972774,17.012466052260173
0.08435745537281036,0.3824482262134552,21.96574439642179,17.1401725127061
0.42297571897506714,0.619864284992218,20.610005942218965,16.82704589726606
0.08435825258493423,0.3824959993362427,21.96574456862968,17.315795857432185
0.08436518907546997,0.8824552893638611,21.965744513618564,20.05597478502052
0.4234485924243927,0.6198915839195251,20.60987909298878,17.383333584294284
0.08433295786380768,0.3825376331806183,21.96574271411577,16.26215198340463
0.08435800671577454,0.3824698328971863,21.96574471890719,17.56493004634019
0.9156419038772583,0.6175236701965332,21.96574473687494,17.722301862706935
-0.08435811847448349,0.11751948297023773,21.965744729104962,12.381930242708652
0.9156326055526733,0.6175174117088318,21.96574466784242,16.898977466896106
0.5770232081413269,0.8800950646400452,20.610006380669457,19.59621463286275
0.5770324468612671,0.8800773620605469,20.610006208239216,15.571427098983648
0.42297661304473877,1.119901418685913,20.610006382528557,16.296592998029517
0.4284503757953644,0.6117700934410095,25.9406963670835,22.622933179931223
0.4284905791282654,0.6117386817932129,25.940697592070475,23.858562543131416
0.5715222358703613,0.38824760913848877,25.940697587070886,17.09671538090404
0.9255711436271667,0.6108030080795288,26.793042762094295,22.448418169128153
0.5715309977531433,0.3882468640804291,25.940697363557643,20.145739054050875
0.571541965007782,0.8882443904876709,25.94069691550217,22.91527806732376
0.9255689382553101,1.110764741897583,26.79304201018974,14.827527303059703
0.4284793436527252,1.111709475517273,25.94069676463986,16.051240825531345
-0.0744263082742691,0.6107668280601501,26.79304208262643,19.07215381123336
0.9255769848823547,0.11039093136787415,26.792956217945445,24.322753175674134
0.4284873604774475,0.11175397783517838,25.940697701628142,21.642954036363555
0.42845502495765686,0.611736536026001,25.940696655440142,16.66352520329746
0.074427530169487,0.889191746711731,26.793042750215072,16.347286609940852
0.5714954137802124,0.3882431387901306,25.940697556692072,20.95086708743053
0.07444004714488983,0.38919851183891296,26.793042642568693,25.6640876622128
0.5715174078941345,0.38824543356895447,25.94069766318989,20.22910793624651
0.9255722165107727,0.6108046770095825,26.79304276186383,16.382719333700333
0.9255721569061279,0.6107975244522095,26.793042746212066,21.35289768328767
0.9255722165107727,0.11079823225736618,26.79304275005077,22.491886075025477
0.4284868538379669,0.6117258667945862,25.940697340947292,22.837902495724755
0.4272584021091461,0.114652119576931,26.11137294434531,21.681188476206366
0.42736518383026123,0.6146912574768066,26.111364172606645,23.864894741054265
0.5727381110191345,0.38534969091415405,26.11137295266296,25.728248350310235
0.427297443151474,0.6146108508110046,26.111371208762307,22.279857393918505
0.07665638625621796,0.8836886882781982,27.183336529246404,21.264150296105782
0.07665855437517166,0.883691132068634,27.18333645137109,21.547926704628317
0.9233553409576416,0.6163108348846436,27.183336800213624,18.995996426403938
0.42726200819015503,0.11465393751859665,26.111372953306123,19.29411035816486
0.07663492113351822,0.8836954832077026,27.183336822315113,23.861049796239676
0.5727381110191345,0.8853497505187988,26.111372952560682,22.081464109249787
0.9233628511428833,0.11631929874420166,27.183336814084644,22.0168823601357
0.07663706690073013,0.8836774230003357,27.183336781400982,15.362055742634276
0.9233631491661072,0.1163368821144104,27.183336512105576,18.589121755897768
0.9233626127243042,0.616311252117157,27.183336848383497,25.82654177348002
0.5727185010910034,0.8853463530540466,26.111372658794895,19.29843874907797
0.07663723081350327,0.3836918771266937,27.183336844153374,26.380167937512166
0.5727446675300598,0.3853488266468048,26.111372919553894,18.448748030679145
0.07655019313097,0.883776068687439,27.183326363869774,23.858920115493277
0.5727382302284241,0.8853551745414734,26.111372930809075,21.48365979964809
0.5719847679138184,0.3853512108325958,26.110930181794807,24.305225215288488
0.425009548664093,0.11552531272172928,27.66213945620647,21.073319991004446
0.5749905705451965,-0.11552528291940689,27.662139456168962,21.789654857447943
1.0749889612197876,0.38447463512420654,27.66213945453675,20.16730958777947
0.07501280307769775,0.38447535037994385,27.662139005991513,22.1825164138459
0.4250096082687378,0.11552561074495316,27.662139456166443,21.968638970424365
0.5750125646591187,0.8844624757766724,27.662138933223883,25.133123324135163
0.9250105023384094,0.6155658960342407,27.66213862029345,21.859324793967524
0.42500221729278564,0.6155250072479248,27.662139406732067,22.030735111869948
0.42482438683509827,0.6156328320503235,27.662102531798915,24.162841176568172
0.07499037683010101,0.38446399569511414,27.662139398075425,25.569681937828538
0.4250272512435913,0.6155264973640442,27.6621391800596,25.758911429515198
0.42501166462898254,0.6155253648757935,27.6621394526549,19.96418687466011
0.4249890446662903,0.6155242919921875,27.66213907685615,21.997644964380733
0.07499095052480698,0.3845128118991852,27.662138719531935,16.698275418573445
1.074991226196289,0.38450902700424194,27.662138858422512,21.398688965511152
0.0749790370464325,0.8844908475875854,27.66213920580448,25.409417100448202
0.07500695437192917,0.3844539225101471,27.662138982729,22.06088163753094
0.07499051839113235,0.8844572901725769,27.66213930234118,25.45284125905745
0.42510563135147095,0.6153769493103027,27.66211973666533,23.085817515812973
0.5749927163124084,-0.11551788449287415,27.6621394236719,15.50067641970438
0.9248565435409546,0.1179995983839035,27.84521187717388,23.791748940074953
0.07514222711324692,0.8819755911827087,27.845212600738233,23.80774219819867
0.4248582422733307,0.11804195493459702,27.845212735740184,23.908612608542214
0.9248589873313904,0.6181038618087769,27.845210724911325,21.549432798644155
0.4248485267162323,0.6180405020713806,27.845212646660084,21.350472349231975
0.4248582422733307,0.6180428862571716,27.84521273420111,21.55199239321552
0.9248531460762024,0.6181679368019104,27.845204523935138,22.159610387250684
0.4248582422733307,0.11804474145174026,27.84521272852111,22.390613125345222
0.5751417279243469,0.3819591701030731,27.84521273642784,26.923085323128
0.5751429200172424,0.8819592595100403,27.845212735173774,21.063316074301937
0.4248582422733307,0.6180407404899597,27.845212736429364,25.22497508002801
0.5751415491104126,0.8819455504417419,27.845212642037783,19.2186306602729
0.5751417279243469,0.8819752931594849,27.84521260566987,23.564769652515842
0.5751415491104126,0.8819443583488464,27.84521262485115,23.236099326665137
0.9248577356338501,0.11800601333379745,27.845212125068535,22.49302282371356
0.4248581528663635,0.6180387139320374,27.845212734256403,16.236920136379595
0.924854040145874,0.6180406808853149,27.845212719703472,21.116214803007683
0.5751429200172424,-0.11804067343473434,27.845212735169856,17.542168085447493
0.07516323029994965,0.8822469115257263,27.84517055865436,22.5665489969915
0.5751417279243469,0.8819594383239746,27.845212736403056,24.561886042054894
0.41117358207702637,0.3821685016155243,20.334773136159686,13.906489931440465
0.911162793636322,0.6178413033485413,20.334773097208025,16.189701906624414
0.08904159814119339,0.3823418915271759,20.334733586059063,16.61923168368794
0.08882561326026917,0.38220319151878357,20.334772347648965,16.229827343201265
0.08882520347833633,0.3821583688259125,20.334773176913686,15.891321195124938
1.0888068675994873,0.38215938210487366,20.334772990396925,14.146542349957691
-0.08882460743188858,0.11785761266946793,20.33477306495317,14.307003954139974
0.41056519746780396,0.8821594715118408,20.334567902745434,15.743891137281532
0.5888205766677856,0.11786257475614548,20.334772975855863,15.173122331554978
0.0888247862458229,0.8821361660957336,20.334772963572654,10.942236928785771
0.5888471007347107,0.11784087866544724,20.334772911511283,16.425471488757616
0.08882466703653336,0.38211578130722046,20.334772403663628,11.744998671376344
0.5888264179229736,1.1177818775177002,20.334771697003937,13.14006336293626
0.5888257622718811,0.6178311109542847,20.33477313349849,14.202032356975431
0.9111800789833069,0.11784897744655609,20.3347731370408,16.176783455368486
0.41117531061172485,0.882158637046814,20.334773176815716,9.768771546050232
0.5888283252716064,0.6178419589996338,20.334773171361004,11.898878328396659
0.4111815094947815,0.38214337825775146,20.334773054277946,17.14670231235238
0.08883380889892578,0.8821261525154114,20.33477268825306,17.33282102603597
0.4111747443675995,0.8821606040000916,20.33477317548042,16.42453868328898
0.4114363491535187,0.8783079385757446,20.57342663100942,16.34407945991008
-0.08852717280387878,0.6216716170310974,20.573426114006182,14.882103535514245
0.41145801544189453,0.8783261775970459,20.573426598040438,18.885564415394082
0.5885610580444336,0.6216692328453064,20.57342682639213,15.314313615694667
0.5885604619979858,0.6216919422149658,20.57342663810091,15.859394835181385
0.9114397168159485,0.621670663356781,20.573426826891534,19.841551736087684
0.9114304184913635,0.12166913598775864,20.573426781257798,16.05927856487468
0.5885608792304993,0.6216816306114197,20.573426777071866,17.883991246595095
0.4114389717578888,0.3783263862133026,20.573426823644578,14.270547492343798
0.08857075870037079,0.8783059120178223,20.57342653621994,16.259878570118378
0.08856427669525146,0.37832680344581604,20.573426818018813,20.146859960699114
0.5885610580444336,0.121672123670578,20.573426826379404,15.964227204368692
0.41146335005760193,-0.12167015671730042,20.573426456906123,14.951067492548486
0.08843643963336945,0.37830036878585815,20.573416874925,18.170718025915527
0.9116510152816772,0.12167050689458847,20.573398856761635,15.731674709991514
0.08856241405010223,0.3783293068408966,20.57342682610633,19.71085164119847
0.41143983602523804,0.8783292174339294,20.573426826765306,10.120370894000963
0.9114366173744202,0.12190371751785278,20.57340411090569,17.981794835948488
0.4114531874656677,0.8783747553825378,20.57342582910603,13.621699180935316
0.588559091091156,0.6216744780540466,20.57342681892454,19.255313958222548
0.08859647065401077,0.8809843063354492,20.406697215883895,16.34435110186065
0.41140028834342957,0.3809557259082794,20.40669687913301,15.265803365066049
0.5885870456695557,0.6190891861915588,20.406694866762912,13.205078479650606
0.4113995134830475,0.38098445534706116,20.406697224191806,13.522370046855116
0.08859991282224655,0.8809602856636047,20.40669698007852,14.916612865540445
-0.08859901875257492,0.11905883252620697,20.40669644005941,12.579524141009042
0.9113998413085938,0.11902296543121338,20.406697201314035,13.649968969005585
0.4113779366016388,0.38097909092903137,20.406696937112997,14.374316035817527
0.5877798199653625,0.11901124566793442,20.406307943193212,17.18520120393261
-0.08859536796808243,0.619015634059906,20.406697210352696,15.130232695074831
0.9113985300064087,0.6190155744552612,20.406697223393422,16.717532412578795
1.0885993242263794,0.3809865713119507,20.406697221749265,15.3701242458637
0.9114136099815369,0.6190168261528015,20.4066971127202,18.78587289495517
0.9113991260528564,0.6189815998077393,20.406696740896344,13.812330697513149
0.5886005163192749,1.1190043687820435,20.406697171662003,9.96109442476141
0.4113888740539551,0.8809757232666016,20.40669712330175,14.897276293386598
0.5885993242263794,0.11905355006456375,20.40669661996501,18.89393695821799
0.9113991260528564,0.11901558190584183,20.406697224010358,20.0394765630266
0.4114001393318176,0.3809599280357361,20.40669697278726,10.718743485932368
0.9114007949829102,0.11904114484786987,20.40669694996,17.359962058817224
0.9067785143852234,0.6186118721961975,17.852863484641652,14.508577842373024
0.41340476274490356,0.8827783465385437,16.951685571794613,11.082904677611348
0.09322043508291245,-0.11856205761432648,17.852862554908246,11.09209399801314
0.9067792296409607,0.1186433732509613,17.852863116001725,14.607571805940779
0.9067791104316711,0.6185526251792908,17.8528621699034,9.203993904988085
0.5865824222564697,0.11714992672204971,16.951686643101144,12.781196858899014
0.9067792296409607,0.6186545491218567,17.85286280689006,11.625445129029384
0.41340306401252747,-0.11714683473110199,16.95168670277771,11.667163153783381
0.09338336437940598,0.8813879489898682,17.852852497719358,15.323109436435628
0.9067792296409607,0.6186715364456177,17.852862158279354,15.257453278316083
0.5865351557731628,0.11715782433748245,16.95168527415822,15.103207329107727
0.09322056174278259,0.8813880681991577,17.85286348497528,17.64081679462977
0.9067785143852234,0.6186119318008423,17.852863484643862,14.405502714987602
0.9067779183387756,0.11861194670200348,17.85286348405418,16.88077396499127
0.41336968541145325,0.3828401565551758,16.95168630513043,16.416697100677844
0.09322062134742737,0.38138023018836975,17.852863462121746,11.958288112257
0.093526691198349,0.881386935710907,17.85282466109923,14.16805096694256
0.5865399837493896,0.6171610355377197,16.951685498595204,14.460801583354982
0.9067348837852478,0.6186124086380005,17.852862662291486,16.013148281658754
0.5865519642829895,0.11716067045927048,16.95168597200147,13.503904917153031
0.09300349652767181,0.8783630728721619,18.02277985837656,13.931728251980113
0.09300346672534943,0.878315806388855,18.02277959479292,11.71791834377191
0.9069795608520508,0.6216530203819275,18.02277982471559,15.903810890910481
0.9069842100143433,0.6216514706611633,18.022779885714346,15.393376468632228
0.4130409359931946,0.8791005611419678,17.11865803244257,11.754279128833526
0.09300345927476883,0.8783241510391235,18.022779762401466,12.241355352551238
0.09300345927476883,0.3783232271671295,18.022779746400516,12.123616214154563
0.9069961309432983,0.6216712594032288,18.022779832385314,17.605492415002548
0.09300349652767181,0.8783555030822754,18.022779928181468,14.387873596577746
0.9069960117340088,0.6217160820960999,18.02277847588947,10.230898233574463
0.5869590640068054,0.6209030151367188,17.118658033162514,16.161306902213145
0.4139048457145691,0.8790977597236633,17.11833664202355,14.747787551231253
0.09300345927476883,0.37832292914390564,18.02277974110317,11.645212249064986
0.906996488571167,0.12166240811347961,18.02277992321527,12.907896773436462
0.09300346672534943,0.3783344030380249,18.022779897249386,15.174833443074371
0.09300452470779419,0.878346860408783,18.022779955152135,14.351646541778981
0.9069966077804565,0.12167692184448242,18.022779743757535,11.833843042639511
0.5868828892707825,0.1209750697016716,17.11865395320261,13.45599302645318
0.09300356358289719,0.37832650542259216,18.02277980029696,11.308704846583904
0.4130403697490692,-0.12087621539831161,17.118657840336798,13.370640982717214
0.9077981114387512,1.1132601499557495,17.56897191573363,13.253467171925049
0.9077991247177124,0.11332229524850845,17.568971693365693,14.673050141618175
0.9078022837638855,0.6132864952087402,17.56897217148154,17.013457043888906
0.9077883958816528,0.6133084297180176,17.5689719543602,10.801349877719225
0.9077880382537842,0.11328628659248352,17.5689721356172,15.284965584354158
0.0922025665640831,0.8867135643959045,17.56897217599276,15.331858419145405
0.09220235049724579,-0.11325474828481674,17.568971797641616,11.367012573015067
0.4121232032775879,0.38518044352531433,16.85154192183178,11.645122250956875
0.5878583192825317,0.11482170969247818,16.85154180687001,11.46096589233148
0.5878919959068298,0.11482208222150803,16.851541844644547,15.44010702820154
-0.09217274188995361,0.6132869124412537,17.56897187486066,11.274323980482936
0.09219717979431152,0.3867172300815582,17.568972164599472,17.445383816247702
0.5878767371177673,0.11482176929712296,16.85154192338088,15.266191334425741
0.9077969789505005,0.6132667660713196,17.568972029709027,9.431208499706422
0.907798707485199,0.11329203844070435,17.56897216481086,13.40400408601764
0.5878831148147583,0.6148220896720886,16.851541909773456,15.778413773831716
0.9077979922294617,0.11325117945671082,17.568971707702886,15.594942757145171
-0.09219012409448624,0.11328677833080292,17.568972129743376,11.101931411814373
0.5878493785858154,0.114821657538414,16.851541666866535,13.246328422098667
0.4121316969394684,0.38517823815345764,16.85154189874951,13.907990440471899
0.08274416625499725,0.38094305992126465,23.338656181122303,16.282257960660374
0.57379549741745,0.3840789794921875,19.590111496322226,17.92416759916479
0.08274327963590622,0.8808886408805847,23.33865443371339,19.28751811244914
0.9172562956809998,0.6190890669822693,23.33865547576263,14.756777412782363
0.0820680558681488,0.380951851606369,23.338320516236557,20.092381937451922
0.9172468781471252,0.11904871463775635,23.338656151734693,18.183722422452757
0.9172151684761047,0.6190478801727295,23.338654999429856,17.699242725534365
0.08275140076875687,0.38095125555992126,23.338656172154543,18.864846384584173
0.42623668909072876,0.6159268021583557,19.59011180204664,18.778942304256287
0.42623642086982727,0.6159253716468811,19.590111801275324,18.267741823069215
0.42623570561408997,0.6159181594848633,19.59011178858598,17.748692344398155
0.4262336194515228,0.6158838272094727,19.590111526939808,18.52074014768273
0.9172423481941223,0.11904851347208023,23.338656077244394,17.220051311277697
0.08274354040622711,0.8809148669242859,23.338655612602444,17.386508057705896
0.9172548651695251,1.1189920902252197,23.338654740257674,15.28573566408242
0.5737583041191101,0.38407111167907715,19.590111795369715,18.658544478468233
0.08274417370557785,0.3809523582458496,23.338656209828617,16.423968830708777
0.9172406792640686,0.6190485954284668,23.338656042243873,17.637554892272977
0.5737631916999817,0.3840719759464264,19.59011180222793,17.857383902258103
0.08274417370557785,0.38095059990882874,23.338656210439737,22.903895766318552
0.08219066262245178,0.38841667771339417,22.85488720798605,17.403146238709407
0.9177966117858887,0.1115606352686882,22.854887351745194,17.605085165056714
-0.08216681331396103,0.11154985427856445,22.854886991523003,17.509642791914697
0.5746493339538574,0.3766331374645233,19.747475338615928,17.448198789939553
0.9178081154823303,0.11155257374048233,22.854887403878436,20.04292558390822
0.574621319770813,0.8765788674354553,19.747475030997315,17.072788397802565
0.574621319770813,0.876562237739563,19.747474700390526,18.252160393928275
0.9178031086921692,0.11156082898378372,22.8548874198556,18.49787875838653
0.5746228694915771,0.3766167163848877,19.747475493907483,18.68266919712284
0.08220148831605911,-0.1115606427192688,22.85488737704518,17.32539661890363
0.9177992939949036,0.1115611344575882,22.85488738611849,21.00059222768316
0.9178041815757751,1.1115608215332031,22.854887426091466,17.726765037345793
0.08219192922115326,0.3884495198726654,22.854887385542554,13.698265823035486
0.082213394343853,0.888439953327179,22.85488714494662,17.00148836058818
0.9178617596626282,0.1114436611533165,22.854879164679677,18.840058947713352
0.9178061485290527,1.1115593910217285,22.854887432691175,13.686728577909363
0.4254121482372284,0.12343120574951172,19.747474444032186,18.827239674605803
0.08219487220048904,0.8884391188621521,22.854887430417598,20.1021580285884
0.08219138532876968,0.888438880443573,22.854887436815865,22.582241997529515
0.42537611722946167,1.1233495473861694,19.747475566533225,16.923992814670395
0.9166445136070251,0.6205896139144897,23.443608274908094,17.90553303342877
0.9166672825813293,0.6205687522888184,23.443608468093306,17.847529248175967
1.0833324193954468,0.8794113993644714,23.443608666704755,14.153383653138139
0.0833345577120781,0.3794103264808655,23.443608664442177,16.263957417812573
0.0833328366279602,0.37941035628318787,23.443608667223767,22.19618997929462
0.5759121775627136,0.8755159378051758,19.773006778932174,19.18463939418966
0.4240870177745819,0.6244398951530457,19.773006726322873,18.946758241340195
0.9166492223739624,0.620589554309845,23.44360841985377,16.884125658066335
0.5759125351905823,0.37553679943084717,19.77300682261634,17.66374587714712
0.5758840441703796,0.37552228569984436,19.773006533639386,17.828469092488128
0.08334803581237793,0.37941035628318787,23.44360848893063,18.21361656719732
0.9166673421859741,0.12058471143245697,23.443608656054266,16.510165282155487
0.5759122371673584,0.8755337595939636,19.773006823854658,17.659815030732837
0.9165657162666321,0.12065789103507996,23.443598785046383,21.47018954602955
0.9166670441627502,0.6205896139144897,23.44360866717319,16.50878673527926
0.42405879497528076,0.6244648098945618,19.773006548108455,18.059112571892744
0.42402535676956177,0.6244646310806274,19.773005529231476,18.07524816213834
0.08335249125957489,0.8794103264808655,23.443608370956937,16.56071373254939
0.08334473520517349,0.37941035628318787,23.44360855711745,16.84817025468896
0.9166642427444458,0.12058966606855392,23.443608659874105,21.021716569128937
0.42015618085861206,1.1188254356384277,20.538510708331636,17.64452303388647
0.9182145595550537,1.1175882816314697,23.10158234839164,17.376705108640348
0.4201701283454895,1.1188292503356934,20.538510640554478,17.075708891734887
0.5798438191413879,0.8811367154121399,20.538510465384526,16.338139348972554
0.08189066499471664,0.8819260597229004,23.101476100277036,18.051368411050273
-0.08173374086618423,0.11760210990905762,23.10158063679561,13.994651873329595
0.4201659560203552,0.11881311982870102,20.538510618123226,20.439617018898907
0.9182144999504089,1.1175373792648315,23.101580574708294,12.615056876623628
0.4201563000679016,0.11882958561182022,20.538510712073478,19.693856898153985
0.5798438191413879,0.8811394572257996,20.538510503896912,17.47183657734781
0.42015624046325684,1.1187560558319092,20.538509537346403,17.370926851682928
0.08175709843635559,0.882392168045044,23.101581879137186,18.00069865013353
0.9182295203208923,0.11760208010673523,23.101582283018896,21.826872213572983
0.9182143807411194,0.6176020503044128,23.101582432751222,18.861107996066625
1.0817852020263672,0.8823872208595276,23.10158238181586,12.623288374408887
0.5798455476760864,0.8811631798744202,20.53851069960329,19.973330446816497
0.4201454520225525,0.618829607963562,20.53851066960446,19.86001209183985
0.0817854031920433,0.3824082612991333,23.10158238541038,18.78052506419569
-0.08178539574146271,0.11760227382183075,23.10158243276543,17.81220424378877
0.9182186722755432,0.6176020503044128,23.101582421635655,20.994180883967033
0.9188026189804077,0.6170691251754761,23.067116853050567,18.012959479401694
0.08118850737810135,0.3829304873943329,23.06711693266115,16.76724034836668
0.08118639886379242,0.8829532265663147,23.067116705152706,20.922865910810785
0.42119696736335754,0.1207994818687439,20.599823950196612,17.806525115365854
0.42119652032852173,0.62070232629776,20.599824515903734,18.311782831280553
0.0811927393078804,0.8829305768013,23.067116907907184,17.647073926763124
0.9187957048416138,0.6170691251754761,23.067116717736532,18.806021590126303
0.9188031554222107,1.1170238256454468,23.06711593737637,17.197533378273118
1.0811833143234253,0.38293036818504333,23.067116930151204,15.53912812227778
0.08118612319231033,0.8829161524772644,23.06711684547434,17.09973739972169
0.9187886118888855,0.11703404784202576,23.067115962906477,19.543265735806077
0.9188125133514404,0.6170695424079895,23.067116935029507,18.24832464548586
0.9188045263290405,0.6170691251754761,23.0671168790741,19.85510068688688
0.0811862051486969,0.382926881313324,23.06711693042974,18.236446744825663
0.918811023235321,0.11706939339637756,23.067116931094063,21.58117529108951
0.08118626475334167,0.882931649684906,23.067116935361742,18.088792753076945
0.08118674159049988,0.3829304575920105,23.067116935873962,17.502018936279434
0.9188026189804077,0.6170691251754761,23.067116853050567,18.128858027873083
0.08118630945682526,0.38294386863708496,23.067116855787045,15.925912843463431
0.4211976230144501,0.12075285613536835,20.599824732834957,16.89940340576823
0.4196265637874603,0.6227173805236816,20.66568222668929,18.430931086108718
0.08266137540340424,0.8832268714904785,23.057762464803595,19.137001700635462
0.41960620880126953,0.6227391362190247,20.665682266647295,20.093932366877212
0.5803918242454529,0.377302885055542,20.66568227137104,18.143662545971022
0.580409586429596,0.8772673010826111,20.665682195333353,20.137073837812032
0.08231814950704575,0.38307470083236694,23.057849199513086,22.68156914109978
0.9176853895187378,0.6169232130050659,23.057849193010867,20.70830128028114
0.08231814950704575,0.38308024406433105,23.057849195860896,17.880768930488344
0.9176536798477173,0.616923451423645,23.057848689272912,14.977650093645456
0.5803155899047852,0.877395510673523,20.665677285430863,19.059134914692567
0.08247986435890198,0.8830767273902893,23.057832287535767,18.948708558604963
1.0823115110397339,0.38307687640190125,23.05784917238547,17.373193620454256
-0.08231814950704575,0.1169232577085495,23.05784920134478,16.726137915642816
-0.08231933414936066,0.6169883608818054,23.05784731852141,17.88833410296063
0.91765958070755,0.11692367494106293,23.05784888161376,18.132227471389616
0.4196215271949768,0.6227172613143921,20.665682291603453,18.316001845919004
0.5804540514945984,0.8772886395454407,20.66568080684598,17.73538688637429
0.41960814595222473,0.1227080300450325,20.665682343978684,17.26226201488239
0.9176811575889587,0.11696694046258926,23.057848353881273,13.905977285831591
0.9176772236824036,0.616923451423645,23.05784918776675,18.48242195057942
-0.08838354051113129,0.6208339333534241,21.16054674604073,14.357864708140728
0.08840233832597733,0.3791603744029999,21.160546954926787,17.612705200479464
1.0884026288986206,0.8791975975036621,21.16054654548458,15.470869041690671
0.5889332890510559,0.1207762211561203,18.891805175876318,16.68153785074894
0.4110623598098755,-0.12076818197965622,18.891805152098353,14.734719561042763
0.5889325141906738,1.1207751035690308,18.89180517582684,15.734247758264427
0.911597490310669,1.1208336353302002,21.160546969459688,14.502800601327449
0.9115873575210571,0.12079537659883499,21.160546269560935,17.097172527502494
0.9116066098213196,0.6208338737487793,21.16054691888074,16.469615201983007
0.5889331698417664,0.1207101121544838,18.891804124545295,16.100080873000366
0.08840218931436539,0.37914323806762695,21.16054674290815,16.789576619729498
0.9116089344024658,0.6208345293998718,21.160546888974515,16.22189492105542
0.41055944561958313,0.3792233467102051,18.891719401504613,16.977859551374916
0.9115975499153137,0.12080152332782745,21.16054652142632,17.601462201112078
0.9115920066833496,0.12070664018392563,21.160540000399806,17.97077947793837
0.9115976691246033,0.12083843350410461,21.160546960282222,15.848397481300902
0.9115998148918152,0.6208064556121826,21.160546644619494,18.04530998080763
0.5889430046081543,0.6208081245422363,18.89180489141029,14.639622123480525
0.9115978479385376,0.620872974395752,21.160546309863648,14.364542129156916
0.41106799244880676,0.3791593611240387,18.891804173412826,15.728468971884501
0.08774896711111069,0.38091352581977844,21.047015968354227,17.066522538351332
0.5897125005722046,0.1220661923289299,18.939138014654084,16.59782296757062
0.5897120833396912,0.1220661997795105,18.939138014618326,17.873653375658034
0.4103018045425415,0.8779334425926208,18.93913794657637,18.89767609282507
0.5896848440170288,0.6220682859420776,18.939137757713443,12.979304091688281
0.08765710145235062,0.38109901547431946,21.04699923134728,18.1066611938902
0.91226726770401,0.6190704107284546,21.0470161684569,16.609782677403295
-0.08772324025630951,0.6190764904022217,21.04701612958454,13.58887161007611
0.5897117853164673,1.1219909191131592,18.939136649115575,15.826582070277995
0.4103166162967682,0.8779340386390686,18.93913773115314,13.64295523787574
0.4102882444858551,0.8779945969581604,18.93913712398236,14.058355569368185
-0.08773213624954224,0.1190761998295784,21.047016182737273,13.230897634953601
0.5897120833396912,0.6220279335975647,18.939137661803745,16.001993536103512
0.08773244172334671,0.8809208273887634,21.04701617900858,15.945033180991853
0.9122549295425415,0.11901076138019562,21.04701425764739,16.001941639775755
0.5897120833396912,0.6220090985298157,18.939137229005368,14.669648303599658
0.08773592114448547,0.380924254655838,21.04701617575923,15.963777760164632
0.4102916717529297,0.8779889345169067,18.93913727728046,16.065307983374044
0.4102875590324402,-0.1220661848783493,18.939138014656095,14.184099380124785
0.5897125005722046,0.6220731735229492,18.93913800294511,14.113709763510336
0.5901698470115662,0.12793892621994019,19.16410258918839,17.65303180645779
0.5901859402656555,0.12794430553913116,19.1641024816158,16.384360075583846
0.5901743173599243,0.6279392838478088,19.16410258128652,16.842891946551276
0.9124780893325806,0.6202133297920227,21.119511380242272,15.857243594894355
0.9124452471733093,0.12021207809448242,21.11951069077223,16.903283825159928
0.40983086824417114,0.37206119298934937,19.164102588992684,17.233653024121587
0.9124780893325806,0.12021318823099136,21.119511380239068,18.961690876789167
0.4098302721977234,0.8720675706863403,19.164102578605394,18.61449706284755
0.4098029136657715,0.3720603883266449,19.16410229861089,17.433752173921633
0.5894237160682678,0.6279229521751404,19.163884277744334,16.69060944850674
0.59017014503479,0.1279550939798355,19.16410252724035,16.36768689468005
0.40982988476753235,0.37208908796310425,19.164102398223143,14.662928105025387
0.4098302721977234,0.3720674514770508,19.164102578982696,15.025753142593201
0.5901697874069214,0.6279389262199402,19.164102589188232,16.82977403317034
-0.08750338852405548,0.6202138066291809,21.119511160905603,14.176935063969552
0.9124767184257507,0.6201792359352112,21.119510881425885,15.34534978465354
0.5901697278022766,1.127937912940979,19.164102588873934,15.015908822753044
0.5901692509651184,1.1279075145721436,19.164102349465608,14.111708323687022
0.5901697278022766,0.6279336810112,19.16410258222554,15.103220569477191
-0.08752179890871048,0.62021404504776,21.11951137998865,10.5085895912499
0.40744808316230774,0.3753606379032135,20.486252856435936,18.003382665435986
0.9200326800346375,0.6142025589942932,23.570360520862085,19.454114683519848
0.5925540328025818,1.1245797872543335,20.486253274265408,17.7650014789546
0.07925577461719513,-0.11419834941625595,23.570029877004863,17.440231675409578
0.5925523638725281,0.12464064359664917,20.486252835277202,17.72375065600336
0.5925514698028564,0.12468424439430237,20.48625180321017,18.35665544225375
0.5925149321556091,0.1245821863412857,20.486252926267568,19.443107323955907
0.5925516486167908,0.6246460676193237,20.486252739346398,18.724671270107052
0.5925086140632629,0.6245889663696289,20.48625280887334,18.049655182762294
0.5925514698028564,0.12465257942676544,20.486252612108263,17.917280402444746
0.9200583696365356,0.11420392990112305,23.570360967601996,23.121008040763584
0.5925577282905579,1.1245110034942627,20.486252364070445,17.757372126627132
0.40744224190711975,0.375479131937027,20.486252585694064,17.223077997078562
-0.07992486655712128,0.11420497298240662,23.570360761619966,14.615525465913791
0.40744730830192566,0.8753856420516968,20.486253168019,18.45966589675331
0.5925547480583191,0.12454468756914139,20.48625299681003,18.755396170197574
0.9200587272644043,0.6142237782478333,23.570360786979617,17.285869736809275
0.9200577735900879,1.114202857017517,23.570360967098445,13.231175733747289
0.07994086295366287,0.3857746124267578,23.5703607562316,13.555972181450437
0.5925151705741882,0.12458726763725281,20.486252936571372,17.982436599312607
0.9212616086006165,0.11048246920108795,23.331358436398613,21.1305164514013
0.40548938512802124,0.38511642813682556,20.258387005195,18.462502843521104
0.5945106148719788,0.6148884296417236,20.258387020017576,17.938908633929703
0.9212319254875183,0.11048325896263123,23.331358143981518,15.310964347820809
0.9212560057640076,0.6104980707168579,23.331358453642217,17.95397660132023
0.07877638190984726,0.8895027041435242,23.331357804947444,19.089422883976336
0.9212468266487122,0.11051465570926666,23.33135813086774,21.74311831202886
0.9212337732315063,1.1104857921600342,23.3313582031432,17.774286433166083
0.9212394952774048,0.11049403995275497,23.331358322103636,21.81363518408114
0.4055137038230896,0.38510453701019287,20.258386922641606,18.292603584283214
0.40555667877197266,0.8851038217544556,20.258386224341884,16.23813795771603
0.9212479591369629,0.610467791557312,23.33135826097994,16.15465757678752
0.5945113301277161,0.6149803996086121,20.258385885069707,18.037592182553233
0.40549004077911377,-0.11479730159044266,20.25838549224946,17.35762061530207
0.9212542176246643,0.1104888916015625,23.33135849133972,18.42456581953655
0.07875531911849976,0.8895096182823181,23.33135842355903,22.563322772647403
0.9212480783462524,0.6104875802993774,23.331358462255242,17.51948541581864
0.5945093035697937,0.11489557474851608,20.258387027831173,18.63256966191793
0.5945113301277161,0.6149827241897583,20.25838582154035,17.292158002704436
0.40546175837516785,0.8851214647293091,20.2583868469869,18.882892605192602
0.08146525174379349,0.8796606063842773,23.982326041550806,18.866358945532276
0.593224048614502,0.12959222495555878,20.61342160018453,18.20405919824216
0.91853266954422,0.6203144788742065,23.982325751770745,19.90562838134908
0.9185270071029663,0.620337963104248,23.98232598918276,14.693268753012694
0.08146555721759796,-0.12033938616514206,23.982326041303562,17.686431047846632
0.4067745506763458,-0.12948203086853027,20.61342262382174,17.235750844426022
0.9191260933876038,0.12033902108669281,23.98205056531667,20.459818649476926
0.9183833599090576,0.6202004551887512,23.982299336239958,19.63147765597124
1.0814622640609741,0.3796605169773102,23.982326036228233,13.33647055654941
0.593225359916687,0.12950952351093292,20.6134227274355,19.221394464706876
1.0814485549926758,0.8796602487564087,23.982325831721106,13.270888644910688
0.4067763388156891,0.8704143166542053,20.61342176790669,18.575769143032403
0.593225359916687,0.1294800192117691,20.613422606867687,19.4942532330181
1.081463098526001,0.8796432614326477,23.982325901640543,16.479196636039852
0.9185327887535095,0.1203393042087555,23.982326037412708,16.23856868027097
0.5932251811027527,0.629570484161377,20.613422105680137,18.70003122312273
0.40674352645874023,0.370493084192276,20.613422465969652,19.403378016860195
0.9185346961021423,0.6204026341438293,23.98232420388002,18.32178231448235
0.4067714512348175,0.3704923987388611,20.613422724850153,19.696769829685895
0.919176459312439,0.6203386783599854,23.98200153887033,20.932202013109592
0.08486821502447128,0.8801818490028381,22.21416794267409,16.933357862154317
0.9151269793510437,0.6198225617408752,22.214167935942605,16.435918807676465
0.9151325225830078,0.619834303855896,22.214167891737336,21.592721523967235
0.0848684310913086,0.3801773488521576,22.214167951626468,16.205753619179138
0.08486873656511307,0.3802243173122406,22.21416697974744,19.120038778594044
0.08487117290496826,0.88017737865448,22.214167945726842,16.760689852326056
0.08486682921648026,0.8801901936531067,22.214167877273656,22.18733500156092
1.0848253965377808,0.8801798224449158,22.214166690747078,11.278492309909112
0.08489549905061722,0.8801470994949341,22.21416703034196,17.830412643288753
0.9151195883750916,0.1198224425315857,22.21416785004722,17.878366167777166
0.08487002551555634,0.3801773488521576,22.214167949448594,17.503771663135726
0.0848684310913086,0.3801869750022888,22.214167910715698,21.562115861087662
0.9151319861412048,0.6198437213897705,22.21416775648043,17.086804893620773
0.9147999286651611,0.11983760446310043,22.214092475264877,16.846037316916625
0.9151172041893005,0.6198225617408752,22.214167806378608,17.80067387608969
-0.08486618846654892,0.11980416625738144,22.214167797648617,14.66282348231107
0.9151248335838318,1.1198221445083618,22.214167918632025,16.01455153071171
0.08486849814653397,0.8801755309104919,22.214167950169035,17.850449805763446
0.08486849069595337,0.8801719546318054,22.21416793885294,21.946831795147084
0.9151243567466736,1.1198071241378784,22.214167808997566,16.971420840978716
-0.08499593287706375,0.11999290436506271,22.22565712028168,12.731712786738957
0.9150038361549377,0.6199737191200256,22.225656906754303,15.780530577843018
0.915003776550293,0.6199632287025452,22.225656652952438,12.102535713663967
0.08499621599912643,0.3800281286239624,22.2256568690744,16.99573996460906
0.9149980545043945,0.1199958398938179,22.225657099368107,17.550203374954407
0.914980947971344,0.6199954152107239,22.225656755755907,16.250382455338077
0.9149659872055054,0.6200020909309387,22.225656106079263,16.061107710719032
0.08499844372272491,0.38000407814979553,22.225657119987495,16.75059845372489
0.08501455187797546,0.8800011277198792,22.22565688098632,17.324994916630665
0.914991021156311,0.11999580264091492,22.225657006911668,17.66509091140827
0.9149888753890991,0.6199957728385925,22.22565696513619,17.199423469609453
0.08502563834190369,0.3800046443939209,22.225656515990302,16.3292396768176
0.08499608188867569,0.880021870136261,22.225656984537213,18.976349076830235
-0.08498839288949966,0.1199961006641388,22.22565708531861,11.585510212980878
0.08508432656526566,0.8797927498817444,22.22563191441779,17.018466418894175
0.9149882793426514,0.11999572068452835,22.225656952404403,17.59723952605939
0.08499845117330551,0.38000407814979553,22.225657119961568,17.459895413788857
0.9150038957595825,0.6199801564216614,22.225657014526902,15.954073877599498
0.9149723052978516,0.6199998259544373,22.225656421146702,14.807853501204193
0.0849960669875145,0.8800135850906372,22.22565708432365,19.5175101176007
0.0851326733827591,0.8812010884284973,22.149960300163222,18.605557135021694
0.08513849228620529,0.881163477897644,22.149960899534676,15.981127947601253
0.0851326659321785,0.38115018606185913,22.14996084278724,16.644104700540456
0.08513331413269043,-0.11883571743965149,22.149960920965164,16.73065381510433
0.9148666262626648,1.1188350915908813,22.149960920340014,16.808455864460687
0.08513274043798447,-0.11883628368377686,22.149960921411086,16.856275660447743
0.9148540496826172,0.6188363432884216,22.14996080611792,16.82282696710304
0.914871096611023,0.6188591718673706,22.149960684875907,19.660788942315193
0.9148673415184021,0.6188493967056274,22.149960847622868,13.182981954312469
0.9148672223091125,0.6188218593597412,22.14996082752399,17.615346111434956
0.9148675799369812,0.11887358129024506,22.149960313989897,15.613619353056947
0.08514206111431122,0.381163626909256,22.149960863999027,17.68452189858044
0.9148671627044678,0.11883645504713058,22.149960921417307,17.21349161092541
0.08448705077171326,0.38116341829299927,22.14968491511244,18.63551919082857
0.9147072434425354,0.11896196752786636,22.149936953561927,20.554634637888885
0.9148658514022827,1.118835687637329,22.1499609198518,16.554527188647427
0.9148671627044678,0.11883633583784103,22.149960921411022,17.677048235202257
0.08514823764562607,0.3811637759208679,22.149960762743813,17.030651556574114
0.08513231575489044,0.8816471099853516,22.149857862593265,17.064364240461757
0.9148632884025574,0.1188364177942276,22.149960910983825,16.675174726664526
-0.0779428705573082,0.6193678379058838,26.879144830112157,16.48077069486804
0.43956467509269714,0.19311480224132538,21.2911533245588,21.224436373108784
0.6134575009346008,0.6563728451728821,21.32836425669256,20.985091437017584
0.4394448399543762,0.693598210811615,21.291151971710857,20.82602368976843
0.07794923335313797,0.3806881010532379,26.87914535106682,18.48136667972125
0.4395643472671509,0.6931177973747253,21.291153325581885,20.94997119843438
-0.07794936746358871,0.619300365447998,26.879145063162753,16.93074298849117
0.6133663654327393,0.6567397117614746,21.32836446553251,21.18738589452965
0.07794898748397827,0.8806682825088501,26.879145535277534,16.525417825170067
0.3866250216960907,0.34325647354125977,21.328364474169753,21.248498099041765
0.07796736061573029,0.3806692361831665,26.87914522753246,19.050271385584825
0.9220331311225891,0.6193056106567383,26.879144925304633,21.5249147194386
0.9220296740531921,0.6194766759872437,26.879134485940728,20.911513057589247
0.9220508337020874,0.6193156838417053,26.87914541657588,20.864351108247245
0.43956199288368225,0.1931285262107849,21.291153328528765,20.95530997888456
0.38654398918151855,0.8436230421066284,21.328364281401143,20.99373739613923
0.7166510224342346,0.3755384683609009,21.15490096013279,21.083942232544214
0.43956437706947327,0.6931185126304626,21.29115332577409,20.881648657077335
0.9220507740974426,0.6193053126335144,26.879145202950223,18.711152489446352
0.07768653333187103,0.8805831074714661,26.879079184764194,24.80429753334372
0.37495875358581543,0.38458171486854553,21.215876958114542,21.17437739219391
0.077052041888237,0.8839384317398071,26.640141101832253,23.931588166959877
0.9229245185852051,0.6160666346549988,26.640140624734798,17.257089503429313
0.0770517960190773,0.8839299082756042,26.640141102648858,25.245815716683623
0.9229479432106018,0.6160658597946167,26.640141111284372,20.9643866762755
0.07705188542604446,0.8839338421821594,26.640141111326933,24.93814276357434
0.9229480028152466,0.6160624027252197,26.64014110513457,21.438920253410753
0.07705172151327133,-0.11606591939926147,26.640141111375648,20.148500042855567
0.07705172151327133,0.383933961391449,26.640141111369058,22.390392437477878
0.2815794050693512,0.6204159259796143,21.14588832588763,20.916497056233474
0.374764084815979,0.8844625949859619,21.21587354529536,21.05738681146382
0.07705686241388321,0.8838634490966797,26.640138573282062,22.05681069401881
0.9229482412338257,0.11606591939926147,26.640141111375208,23.15336925519833
0.922947883605957,0.6160527467727661,26.64014102436587,17.187008637993817
-0.07705172151327133,0.6160658597946167,26.640141111373595,18.881074514990193
0.9229480028152466,1.1160575151443481,26.64014107594327,19.794712419810555
0.7184139490127563,0.8796342611312866,21.1458885803879,20.761149990859494
0.6250512003898621,0.11573892831802368,21.215876447198454,20.922959637819908
0.6250490546226501,0.6156497001647949,21.215876997481804,20.951018938951517
0.28158706426620483,0.12037992477416992,21.145888516983078,20.908102517679048
0.6214261054992676,0.11645777523517609,21.214708989676904,20.99633051083082
0.7184543013572693,0.3795052766799927,21.14656731719874,20.42082625145675
0.5442025065422058,0.360387921333313,21.18973277102175,21.152641969063062
0.6213955283164978,1.1160513162612915,21.21470550432208,20.99547231690422
0.3785788416862488,0.8834938406944275,21.214708946450088,20.972355720760962
1.075540542602539,0.8890627026557922,26.280630140677644,16.565010877638514
0.07599019259214401,0.3889387547969818,26.280460116636842,24.093799713280276
0.4557720720767975,0.6392883658409119,21.189732537169245,20.918570537277677
0.2815447151660919,0.12049227952957153,21.146567312948637,21.00254049352144
0.07553328573703766,0.8889858722686768,26.28062952162277,14.119947535362332
0.28153884410858154,0.12070011347532272,21.14656718202184,20.998952724657318
0.07557176798582077,0.8890382647514343,26.280629677537398,22.96735321708543
0.9244463443756104,0.6109660267829895,26.280630404500386,21.001542820819587
0.7184590101242065,0.8794087767601013,21.14656738171956,20.721974067048713
0.45580169558525085,0.13932938873767853,21.18973292160772,21.107711610511323
0.7184480428695679,0.3794217109680176,21.14656737254775,21.120369393793666
1.0755407810211182,0.3890591263771057,26.280630242810403,18.822362406189708
1.0755419731140137,0.8890656232833862,26.280630042570518,16.058359008358295
0.07555288821458817,0.8890335559844971,26.28063042367684,21.92999226568483
0.07518017292022705,0.8890349864959717,26.28052859442711,21.342298884605214
0.9168047904968262,0.6190875172615051,22.062504039782198,21.864840487823898
0.42430561780929565,0.1198907420039177,20.607404292921256,16.792700980167695
0.9167898297309875,0.11908283829689026,22.062503760745173,16.074831209494917
0.08320559561252594,0.3808667063713074,22.06250286605622,18.759475885560313
0.5756977200508118,0.8801568746566772,20.607403639101964,18.763521811380905
0.9168208241462708,0.6190783381462097,22.0625039926012,21.95444054302685
0.08318868279457092,0.38091447949409485,22.06250407244687,17.917240533698184
0.9167636632919312,0.6190829873085022,22.06250257048064,16.768258897741095
0.4243057072162628,0.6198936700820923,20.607404287966496,19.388771500460663
0.08318817615509033,0.8809085488319397,22.062504057466136,17.619875960040403
0.5756942629814148,0.38011065125465393,20.60740429344716,15.057075760623333
0.08318823575973511,0.38091760873794556,22.06250406819078,21.374189373190298
0.4243016541004181,0.6198764443397522,20.607404234173146,15.636813319368063
0.5756942629814148,0.8801106214523315,20.6074042934483,20.353178206279935
0.9167935848236084,0.6190847158432007,22.062503859886828,16.124404423328198
0.4243057370185852,0.6198918223381042,20.607404291701837,17.41924428704382
0.9168093800544739,0.6190435290336609,22.062503310174804,15.088347341435105
0.08318841457366943,-0.1190839409828186,22.06250407140152,15.465239888090883
0.5757128000259399,0.380099892616272,20.607404047090274,16.44851812100142
0.5756804347038269,0.38013941049575806,20.607403911024274,17.181517980574174
0.9152953624725342,0.11666659265756607,21.91218840745617,15.664548487523007
0.4235747754573822,0.6162189245223999,20.446539011025482,13.665251951909138
1.084673523902893,0.3833383023738861,21.91218786078011,16.731174295599764
0.4235917627811432,0.6162430047988892,20.446539055585234,19.017458068900673
0.08473503589630127,0.38333860039711,21.912187886344814,17.3274893811182
0.9152954816818237,0.1166754886507988,21.912188332222208,17.029829472032315
0.08473789691925049,0.8833391070365906,21.912187781285574,16.55985335693106
0.08465529978275299,0.8833364844322205,21.91218701268928,18.027407106545436
0.4235747456550598,0.11624301224946976,20.446539190392134,18.6393411735221
0.08471392840147018,0.3833387792110443,21.912188369870094,18.75057189690486
0.42360660433769226,0.6162446141242981,20.446538689643106,12.823306639749264
0.08473078906536102,0.8833390474319458,21.912188024980345,15.17792170213904
0.9152873754501343,0.6166610717773438,21.912188382862794,21.157395980048015
0.9152947068214417,1.116619348526001,21.912187658081788,11.192416977451689
0.423574835062027,0.11620347946882248,20.44653870935247,19.544938486387988
0.9152954816818237,0.1166805773973465,21.912188258363244,16.45753086441026
0.42357540130615234,0.616227388381958,20.446539114716032,14.331476731004589
0.4235794246196747,0.11625324934720993,20.446539153428212,18.13718291825325
0.4235592782497406,0.6162640452384949,20.446538908954093,17.14011280852825
0.5764250159263611,0.8837791681289673,20.446539038259555,17.40564328439835
0.9144432544708252,1.1183127164840698,22.01618255934308,14.81693899173497
0.5775841474533081,0.8816285133361816,20.54116799706294,19.934901693444406
0.5775838494300842,0.38163015246391296,20.541167997912453,20.33114327613389
0.08555720746517181,0.8819525837898254,22.01614992599185,16.290385432852894
0.0855567678809166,-0.11831756681203842,22.01618258949494,13.034699365664059
0.4224148988723755,0.6183699369430542,20.54116799728969,16.19603059024372
0.9144430756568909,0.6183294057846069,22.016182577686802,16.293598878334645
0.42241594195365906,0.1183570995926857,20.541167948621965,18.049430246693056
0.9144277572631836,1.1182336807250977,22.016179050889914,13.283452075502442
0.08560362458229065,0.8816770315170288,22.016181319659008,18.244831814368418
0.08555686473846436,0.38167980313301086,22.016182597341736,20.827935889127755
0.9144232273101807,0.6183226108551025,22.016182367183877,17.7318152485238
0.08555703610181808,0.3816627264022827,22.016182502814626,16.841057153345226
0.9144431352615356,1.118321418762207,22.01618259895257,11.48271146777379
0.08555683493614197,0.3816777765750885,22.01618259930831,21.2767156109773
0.08556302636861801,0.8816698789596558,22.016182551232752,13.971502035124033
0.42241615056991577,0.11836980283260345,20.54116799791275,19.599523688059982
0.9144197702407837,0.11832274496555328,22.01618227961186,16.854374328099027
0.4224195182323456,0.6183852553367615,20.541167918643215,18.601510753944883
0.08561596274375916,0.8818638920783997,22.016165463230337,17.291265898749543
0.5734419226646423,0.37989869713783264,26.441159274803145,17.843413402693464
0.42653924226760864,0.6201038956642151,26.44115896040795,26.134648611200028
0.07585480064153671,0.3810252249240875,27.382640329227122,22.792241428092026
0.5734806656837463,0.37989649176597595,26.441157950800818,20.426648129215184
0.42655593156814575,0.6201024055480957,26.441159271017817,20.861143923860517
0.07585278898477554,0.8809395432472229,27.38264401263232,24.021981998743527
0.5734418034553528,0.8798949718475342,26.441159272030866,21.288064354997804
0.4265477657318115,0.6201019883155823,26.44115918108593,21.600715012273877
0.924147367477417,0.6190649271011353,27.382644002641054,16.183016207120446
0.5732338428497314,0.8796486854553223,26.441096170602357,22.863025051903193
0.07586494088172913,0.38091132044792175,27.382643458480313,21.698573825872888
0.4265584647655487,0.6201278567314148,26.44115900309701,19.46709444616364
0.07585278898477554,0.3809395134449005,27.382644012632134,21.262296994870965
0.07585279643535614,0.8809395432472229,27.38264401263232,22.046491054969238
0.42656704783439636,0.12010248005390167,26.441159204828097,18.141439700333596
0.0758528783917427,0.3809395134449005,27.382644012624993,23.86898059785297
0.9241471886634827,0.11905895918607712,27.38264401149422,24.154151343722454
0.5734414458274841,0.8798728585243225,26.441159018066475,23.02856040862689
0.573442816734314,0.3798977732658386,26.44115927444303,22.610792184456727
0.42655840516090393,0.6199483871459961,26.441149430297536,23.558125591316312
0.42797088623046875,0.61068195104599,25.881028003414393,15.955242436272268
0.9236771464347839,0.11290257424116135,26.942664672170757,21.500692830397195
0.5720719695091248,0.3893420696258545,25.88102863442404,23.749784738831092
0.42801183462142944,0.6107224822044373,25.88102381347966,22.196158998083167
0.5720568299293518,-0.11065734922885895,25.881028787256135,20.657855730798786
0.076309435069561,0.8870474696159363,26.94266354313395,21.520454984841273
0.4279423654079437,0.11065774410963058,25.88102878750235,21.60624484278876
0.42794808745384216,0.6106583476066589,25.881028766267374,16.040957492672273
0.9236893653869629,0.6129037737846375,26.942664790840524,17.96952589167494
0.4279397428035736,0.6105855703353882,25.88102659354247,21.983307829567526
0.07633595913648605,0.8870980739593506,26.9426642781515,21.51100429613268
0.42794162034988403,0.610657811164856,25.881028786813406,21.65097512660224
0.5720567107200623,0.38934263586997986,25.88102878715808,16.748499842274526
0.57205730676651,0.38934406638145447,25.88102878608828,24.97213955377617
-0.076309435069561,0.11290307343006134,26.942664790003473,15.044154969918385
0.0763106644153595,0.8870974183082581,26.942664791195305,22.646687831095722
0.4279417097568512,0.6106464266777039,25.88102873300188,15.748722891945118
0.5720998048782349,0.3893481194972992,25.881027493585282,21.62190227358836
0.9236859083175659,0.6129027009010315,26.942664781846272,21.60267985710734
0.4279426336288452,0.6106577515602112,25.881028787554825,22.86810760442261
0.9235097765922546,0.11782871931791306,27.293664009668205,25.591385307424893
0.5727556347846985,0.8834908604621887,26.21967629179039,21.661171469637775
0.4272390902042389,0.11665431410074234,26.219664651773044,21.831447791156172
0.9235114455223083,0.617874264717102,27.293663278865807,26.072346973131413
0.07649839669466019,0.882341206073761,27.293648290669253,22.328544702415858
0.5727494359016418,0.3835422992706299,26.219676135186983,20.959691782857355
0.42724382877349854,0.11648482084274292,26.21967651509414,20.903559517979204
0.5727434754371643,0.3835129141807556,26.219676377183,23.010858613441236
0.0764903649687767,0.8821749091148376,27.29366397809689,20.750358995942918
0.5727382302284241,0.8835143446922302,26.219676242814668,25.10148538869586
0.4272554814815521,0.6165016889572144,26.219676301586368,23.888131986860323
0.5727565288543701,0.3835151195526123,26.219676515243115,21.407280849420726
0.5727543830871582,0.8834325671195984,26.219673748965956,21.09508946479899
0.4272118806838989,0.11648343503475189,26.21967569721435,21.521393808669494
0.07649049162864685,0.8821644186973572,27.29366403318902,26.78102561466248
0.07649027556180954,0.8821637630462646,27.293664033005093,25.959965384872657
0.5727546811103821,0.3834723234176636,26.219675789774225,20.901663014887152
0.427381306886673,0.6164856553077698,26.21966097104313,21.535580393597087
0.572754442691803,0.38346466422080994,26.21967549883341,16.23547739247444
0.07650858163833618,0.882158637046814,27.29366370993953,26.347851149439293
0.4245818853378296,0.6113556027412415,27.37056371162766,22.58752528247769
0.4245850443840027,0.6113617420196533,27.370563700738842,20.392407013594028
0.07543894648551941,0.8883488178253174,27.37051855015,22.610837277352765
0.4245833456516266,0.6113556027412415,27.37056371714666,19.798873093163284
0.9245798587799072,0.6113556027412415,27.37056369837567,22.116598450926524
0.0754215344786644,0.888644278049469,27.37056368549109,21.647116447169925
0.42454275488853455,1.111354112625122,27.3705623061932,20.141231439007395
0.9245855212211609,0.6113564372062683,27.370563718850136,27.023860163434986
0.424570232629776,0.11135582625865936,27.370563546613866,21.687864853061047
0.924584686756134,0.611355721950531,27.370563719247077,21.892463762792833
0.4245648682117462,0.11135514080524445,27.37056339840288,22.70707599394388
-0.07539680600166321,0.11133906990289688,27.37056331236803,20.761958752296678
0.4245833456516266,0.6113556623458862,27.370563717150404,21.908773638088217
0.5753946900367737,0.38864395022392273,27.37056339293289,19.95716918324027
0.9245797991752625,0.11134416610002518,27.37056363040364,25.089040577929236
0.07541504502296448,0.3886443078517914,27.37056371932459,16.299176772527712
0.9245796799659729,0.6113864779472351,27.370563211111143,24.031134277852086
0.5754151940345764,0.8886442184448242,27.37056371929311,26.02440731791593
0.9245848059654236,0.6113560199737549,27.37056371924661,27.33679005567018
0.9245854616165161,0.11140946298837662,27.37056224228467,21.521989391467642
-0.07457851618528366,0.614409863948822,27.58607359173122,16.460298956443438
0.07457657158374786,0.8855239748954773,27.58607537606476,26.732858218772986
0.5745759010314941,-0.11446084827184677,27.58607536087412,17.859797982084615
0.42531558871269226,0.6144716143608093,27.58606496449801,25.777850899362058
0.425385981798172,0.6144652366638184,27.586074099407952,23.782927122147377
0.0745764672756195,0.3855416774749756,27.586075335224997,15.9413563248277
0.4254245460033417,0.6144284605979919,27.58607454336521,25.37153368102667
0.42544734477996826,0.6144705414772034,27.586074930710144,17.605228594779916
0.9254241585731506,1.1144667863845825,27.586075395018213,17.397458208433225
0.07459427416324615,0.3855314254760742,27.58607509422722,22.28030833370823
0.5745764970779419,0.38551759719848633,27.586075312930586,24.50352272098
0.9254240989685059,0.614465057849884,27.5860753887669,19.1502406237224
0.4254245460033417,0.6144773960113525,27.586075366895358,16.386543601025274
0.07388109713792801,0.38553136587142944,27.58564822190746,23.431160811218675
0.5745767951011658,0.8855306506156921,27.58607539763409,17.399924674380703
0.4254245460033417,0.6144775152206421,27.586075365930274,19.446274909484252
0.0745760053396225,-0.11446932703256607,27.58607539861514,17.334036216920975
0.42542481422424316,0.11448965221643448,27.586075192105543,21.577887541936015
0.925425112247467,0.11448780447244644,27.586075228061425,21.232038875030533
0.5745441913604736,0.885528028011322,27.58607452266804,15.483638475631752
0.42493748664855957,0.6148554682731628,27.613981253474186,15.874321084402723
1.0750612020492554,0.8851478099822998,27.613981270235726,20.254793140520942
0.42493876814842224,0.6148551106452942,27.613981256974842,19.7660045120461
0.07506130635738373,0.8851465582847595,27.61398126562476,17.07563871763898
0.07506071776151657,0.3851611912250519,27.61398121976444,27.360555646511127
0.9249382615089417,0.6148328185081482,27.613981139008352,20.447708249670004
0.07506129145622253,0.3851189911365509,27.61398076024743,21.661054153733794
0.5750535726547241,0.8851504921913147,27.613981221452814,18.69129970144141
0.9248927235603333,0.614875078201294,27.613979062870307,25.568016652281344
0.5750540494918823,0.38511884212493896,27.613980713279666,17.141466320506765
0.4249388575553894,0.11484917998313904,27.61398127481955,15.903164289453256
0.9249389171600342,0.6148626208305359,27.613981183058208,19.67208401057397
0.42493852972984314,0.11485821008682251,27.613981233384603,22.622235146482755
0.07507152855396271,0.3851512670516968,27.61398118458125,22.044463529636506
0.9249234199523926,0.614848792552948,27.6139810724045,21.941428182871753
0.5750612616539001,0.38514456152915955,27.61398125494773,21.17950131118788
0.4249376356601715,0.11480845510959625,27.613980432770227,23.354479123108334
0.07506170123815536,0.8851634860038757,27.613981193452954,26.52363927508123
0.9249591827392578,0.6148497462272644,27.61398090435121,22.203390835079713
0.4249386191368103,0.6148492097854614,27.613981274867996,20.33919865295289